"","O","P","E","species","genus"
"334",0.615968412515693,0.156189034822838,0.226485565873071,"Trinectes maculatus","Trinectes"
"375",0.378578360603358,0.616582696260623,0.00272078898067161,"Acipenser brevirostrum","Acipenser"
"383",0.232443918134004,0.765310818107404,0,"Acipenser fulvescens","Acipenser"
"395",0.298971859468216,0.698905632960677,0,"Acipenser medirostris","Acipenser"
"407",0.246679480721572,0.751184642221318,0,"Acipenser oxyrinchus","Acipenser"
"476",0.395106767013312,0.602846097259981,0,"Scaphirhynchus albus","Scaphirhynchus"
"479",0.383840914008347,0.557026607789469,0.0570987310279159,"Scaphirhynchus platorynchus","Scaphirhynchus"
"616",0.208169416138803,0.775721400894884,0.0136829858267437,"Anguilla rostrata","Anguilla"
"1380",0,0.3895605636725,0.608483937121353,"Chologaster cornuta","Chologaster"
"1384",0.184949335306418,0.64635386500756,0.166430638659893,"Amia calva","Amia"
"1598",0.0890606150268834,0.333294566332988,0.575752210041243,"Aphredoderus sayanus","Aphredoderus"
"2402",0.126799543418477,0.526644854636715,0.344418861734531,"Ariopsis felis","Ariopsis"
"2798",0.292726980722485,0.17102860704191,0.534695591289693,"Labidesthes sicculus","Labidesthes"
"2810",0.448911319418013,0.0953109200126886,0.454421806449228,"Menidia audens","Menidia"
"2811",0.480335960715208,0.0959345700283465,0.422388044015019,"Menidia beryllina","Menidia"
"2816",0.379382944762406,0.158022235705388,0.461111587722056,"Menidia menidia","Menidia"
"3601",0.235214173564004,0.546348788767508,0.216335962122935,"Strongylura marina","Strongylura"
"4944",0.305150692904045,0.25231178627118,0.440870075907881,"Hoplosternum littorale","Hoplosternum"
"6099",0.721640811104436,0.249178743599114,0.0277513500932644,"Carpiodes carpio","Carpiodes"
"6100",0.726411733408593,0.20562905385287,0.0665938844407531,"Carpiodes cyprinus","Carpiodes"
"6102",0.742809985380255,0.209567593498383,0.04626077265728,"Carpiodes velifer","Carpiodes"
"6103",0.45922669966498,0.362340500253652,0.176702821719992,"Catostomus ardens","Catostomus"
"6107",0.450404205875069,0.363894968184275,0.18395958977391,"Catostomus catostomus","Catostomus"
"6112",0.395811633984297,0.392620916076121,0.209759284346039,"Catostomus clarkii","Catostomus"
"6113",0.435261254316941,0.374835198719609,0.188142969227676,"Catostomus columbianus","Catostomus"
"6114",0.498678366272373,0.39159386440201,0.10797398739623,"Catostomus commersonii","Catostomus"
"6117",0.337662624495783,0.439138675921454,0.221294877710361,"Catostomus discobolus","Catostomus"
"6120",0.532859371229946,0.325296219940417,0.140206030079134,"Catostomus insignis","Catostomus"
"6121",0.579190466918642,0.267630707242623,0.151644236554593,"Catostomus latipinnis","Catostomus"
"6126",0.405456993968218,0.401562634953686,0.191165158325266,"Catostomus macrocheilus","Catostomus"
"6128",0.417622300579566,0.385159851435474,0.195432261171439,"Catostomus occidentalis","Catostomus"
"6129",0.268854635796497,0.371825191137209,0.357473311086823,"Catostomus platyrhynchus","Catostomus"
"6135",0.437572874612547,0.375843817513748,0.184823239479464,"Catostomus plebeius","Catostomus"
"6136",0.43208166994901,0.372974824683309,0.193183182521192,"Catostomus rimiculus","Catostomus"
"6137",0.417122844578984,0.378870386003425,0.202230898359694,"Catostomus santaanae","Catostomus"
"6138",0.416130901704825,0.409908113704156,0.172139303257442,"Catostomus snyderi","Catostomus"
"6139",0.422016874785043,0.425321238730724,0.150823829601871,"Catostomus tahoensis","Catostomus"
"6140",0.378050926461556,0.407152256939759,0.212960468427952,"Catostomus tsiltcoosensis","Catostomus"
"6149",0.473283741301261,0.386668586981537,0.13829730085975,"Cycleptus elongatus","Cycleptus"
"6151",0.554177277935947,0.403099212319902,0.0409919606594959,"Cycleptus meridionalis","Cycleptus"
"6155",0.565033386234457,0.263324059397355,0.170107161666449,"Erimyzon oblongus","Erimyzon"
"6157",0.557900137524316,0.257365571195372,0.183203804210884,"Erimyzon sucetta","Erimyzon"
"6158",0.556429256917736,0.277795466840897,0.164215974644124,"Erimyzon tenuis","Erimyzon"
"6159",0.371613489176479,0.420201694381545,0.206325769708984,"Hypentelium etowanum","Hypentelium"
"6160",0.277847532492302,0.472575244638259,0.247592526272756,"Hypentelium nigricans","Hypentelium"
"6161",0.34013088502683,0.43762637421171,0.220341923630355,"Hypentelium roanokense","Hypentelium"
"6162",0.699358383828676,0.299181517781731,0,"Ictiobus bubalus","Ictiobus"
"6163",0.64333371477998,0.35510447862436,0,"Ictiobus cyprinellus","Ictiobus"
"6167",0.672784171852816,0.319807057675464,0.00585251688964754,"Ictiobus niger","Ictiobus"
"6168",0.514906734059188,0.299986123232861,0.183492117943318,"Minytrema melanops","Minytrema"
"6169",0.57675642737635,0.290895097862194,0.130780238890203,"Moxostoma anisurum","Moxostoma"
"6170",0.401616183209765,0.391667044341688,0.204909069566171,"Moxostoma ariommum","Moxostoma"
"6172",0.528435396292657,0.325271524594095,0.144648923489574,"Moxostoma carinatum","Moxostoma"
"6173",0.431988441821286,0.379273384600991,0.186966547185455,"Moxostoma cervinum","Moxostoma"
"6174",0.50118609532611,0.338477182632766,0.158661211650757,"Moxostoma congestum","Moxostoma"
"6176",0.533399999816359,0.290690325597786,0.17431833742657,"Moxostoma erythrurum","Moxostoma"
"6180",0.484603390255617,0.346182241104125,0.167517717489062,"Moxostoma lachneri","Moxostoma"
"6181",0.578121903925448,0.269803396111777,0.150538433360412,"Moxostoma macrolepidotum","Moxostoma"
"6183",0.506596181888361,0.338048628896097,0.153683168945441,"Moxostoma pappillosum","Moxostoma"
"6184",0.532797078706417,0.317187069473752,0.148388422996043,"Moxostoma poecilurum","Moxostoma"
"6185",0.568075494404438,0.300233273357414,0.130106075746866,"Moxostoma robustum","Moxostoma"
"6186",0.446297240537338,0.367424495682952,0.184531238451814,"Moxostoma rupiscartes","Moxostoma"
"6187",0.512920095334255,0.394442956276277,0.0908956728341803,"Moxostoma valenciennesi","Moxostoma"
"6191",0.37155134414852,0.318836606423537,0.307894607804853,"Thoburnia atripinnis","Thoburnia"
"6193",0.36502205601465,0.36141274742976,0.271785533971597,"Thoburnia rhothoeca","Thoburnia"
"6194",0.490913674797208,0.355401960726196,0.151981048101446,"Xyrauchen texanus","Xyrauchen"
"6200",0.443093219709454,0.274004422851965,0.281282283228925,"Acantharchus pomotis","Acantharchus"
"6201",0.455472941819288,0.293475937212643,0.249411321149869,"Ambloplites ariommus","Ambloplites"
"6202",0.437236722517859,0.294941521780934,0.266169712211178,"Ambloplites cavifrons","Ambloplites"
"6203",0.469232046808921,0.261609992134773,0.267570625006087,"Ambloplites constellatus","Ambloplites"
"6205",0.398018201314853,0.349594413627452,0.250636372832925,"Ambloplites rupestris","Ambloplites"
"6210",0.455558498215071,0.259059312882335,0.283791477406974,"Archoplites interruptus","Archoplites"
"6211",0.477805460081704,0.264532845115945,0.256076134372887,"Centrarchus macropterus","Centrarchus"
"6212",0.539115834351554,0.226901223022964,0.232484646548437,"Enneacanthus chaetodon","Enneacanthus"
"6213",0.455246365898007,0.275609781246405,0.267530343006567,"Enneacanthus gloriosus","Enneacanthus"
"6214",0.468748015016437,0.266764731279883,0.262891768524824,"Enneacanthus obesus","Enneacanthus"
"6215",0.380503909527045,0.243037660093486,0.374844162493284,"Lepomis auritus","Lepomis"
"6216",0.427827175316997,0.248999641587711,0.321575705322072,"Lepomis cyanellus","Lepomis"
"6217",0.45357538362848,0.241645315757564,0.303209515037618,"Lepomis gibbosus","Lepomis"
"6234",0.345090601043012,0.330959976549812,0.322191612643064,"Lepomis gulosus","Lepomis"
"6235",0.504617292284588,0.20422073770707,0.289670371095861,"Lepomis humilis","Lepomis"
"6236",0.51888594579519,0.199791830211308,0.279846070586974,"Lepomis macrochirus","Lepomis"
"6246",0.429810192563187,0.181656811016588,0.387033015001369,"Lepomis marginatus","Lepomis"
"6247",0.4133636670713,0.244217324229856,0.340821720303322,"Lepomis megalotis","Lepomis"
"6251",0.450520504672393,0.284279946351638,0.263569391902222,"Lepomis microlophus","Lepomis"
"6252",0.462177591258447,0.224653311954905,0.311627668130357,"Lepomis miniatus","Lepomis"
"6253",0.453134183694783,0.223927004426385,0.321392155881965,"Lepomis punctatus","Lepomis"
"6254",0.367430177928655,0.181106250004907,0.449929601929083,"Lepomis symmetricus","Lepomis"
"6256",0.446788899777866,0.360633140187671,0.190839355716873,"Micropterus cataractae","Micropterus"
"6257",0.463519699272227,0.35483901128138,0.179920137992492,"Micropterus chattahoochae","Micropterus"
"6258",0.413806125360602,0.373502059282008,0.210915675315031,"Micropterus coosae","Micropterus"
"6259",0.489025718079413,0.371051696317063,0.138192751300358,"Micropterus dolomieu","Micropterus"
"6287",0.468409068960055,0.35322196605703,0.17665226848569,"Micropterus henshalli","Micropterus"
"6288",0.460626685386457,0.365250352451592,0.172385619962882,"Micropterus notius","Micropterus"
"6289",0.437115818960625,0.371654162475172,0.189470004927411,"Micropterus punctulatus","Micropterus"
"6290",0.484555238938948,0.379265690061697,0.134434025382144,"Micropterus salmoides","Micropterus"
"6331",0.470231688525294,0.345869134439153,0.182193877369274,"Micropterus treculii","Micropterus"
"6333",0.519115691354082,0.327549220972484,0.151684841636702,"Pomoxis annularis","Pomoxis"
"6335",0.544015048269966,0.299935550184004,0.154448518294411,"Pomoxis nigromaculatus","Pomoxis"
"6460",0.728359839162415,0.239028687229984,0.0312004083964073,"Centropomus parallelus","Centropomus"
"6465",0.801009409507735,0.197711648229524,0,"Centropomus undecimalis","Centropomus"
"7004",0.293952504779631,0.520853970472552,0.183153913076607,"Channa argus","Channa"
"7125",0.5914116281822,0,0.407500073331859,"Astyanax mexicanus","Astyanax"
"8125",0.528139533410926,0.00546189215739228,0.465200186021658,"Cichlasoma bimaculatum","Cichlasoma"
"8674",0.569184564262238,0.00357906314921976,0.426060962805102,"Hemichromis letourneuxi","Hemichromis"
"8682",0.577822469280114,0.018065291942359,0.402927351127201,"Herichthys cyanoguttatus","Herichthys"
"8789",0.467218103484755,0.175962761830866,0.355352503699675,"Mayaheros urophthalmus","Mayaheros"
"8968",0.552930648350043,0,0.445912537137266,"Oreochromis aureus","Oreochromis"
"9120",0.58785130610595,0,0.411001979805986,"Oreochromis niloticus","Oreochromis"
"9326",0.504100695059822,0.101876440833645,0.392678018763102,"Pelmatolapia mariae","Pelmatolapia"
"9804",0,0.598074713002595,0.39962426615651,"Clarias batrachus","Clarias"
"10045",0.973823834297024,0.0132496621464964,0.0119665808300649,"Alosa aestivalis","Alosa"
"10050",0.921239889805277,0.0139697025225682,0.0638021869618903,"Alosa alabamae","Alosa"
"10068",0.95129882242664,0.0300931043357046,0.0176115950928021,"Alosa chrysochloris","Alosa"
"10095",0.932454125794978,0.0665326331121941,0,"Alosa mediocris","Alosa"
"10096",0.834418606240026,0,0.164591691035682,"Alosa pseudoharengus","Alosa"
"10103",0.892970688878797,0.105964562246246,0,"Alosa sapidissima","Alosa"
"10150",0.814243778062173,0,0.1847984303892,"Brevoortia patronus","Brevoortia"
"10185",0.887699597661788,0,0.111344291097211,"Brevoortia tyrannus","Brevoortia"
"10367",0.922154212676063,0,0.0769610511507147,"Dorosoma cepedianum","Dorosoma"
"10371",0.688420234044295,0,0.310582655069246,"Dorosoma petenense","Dorosoma"
"11036",0.230114454241948,0.343197149762268,0.424867630111746,"Misgurnus anguillicaudatus","Misgurnus"
"11385",0,0.482720196363032,0.515165334050118,"Cottus aleuticus","Cottus"
"11388",0,0.519678677299634,0.478151803358461,"Cottus asper","Cottus"
"11393",0,0.467458320735888,0.530421126626951,"Cottus baileyi","Cottus"
"11394",0,0.472223461118423,0.525669282676721,"Cottus bairdii","Cottus"
"11395",0,0.421165121134222,0.576831225957635,"Cottus beldingii","Cottus"
"11396",0.00978550565921411,0.456279271077779,0.531819651971292,"Cottus caeruleomentum","Cottus"
"11397",0,0.477209363633212,0.52067129128298,"Cottus carolinae","Cottus"
"11398",0,0.512307894673405,0.485543356001282,"Cottus cognatus","Cottus"
"11401",0,0.451959422854518,0.545974062872214,"Cottus confusus","Cottus"
"11405",0,0.453872471823036,0.544040433532307,"Cottus girardi","Cottus"
"11415",0,0.457127959606445,0.540794934205088,"Cottus gulosus","Cottus"
"11418",0,0.456530769275426,0.541388872020972,"Cottus hubbsi","Cottus"
"11419",0,0.45695216182171,0.540975374962831,"Cottus hypselurus","Cottus"
"11421",0,0.46088061430315,0.537019123912553,"Cottus klamathensis","Cottus"
"11423",0,0.453766100653687,0.544151464202394,"Cottus leiopomus","Cottus"
"11430",0,0.454669492557672,0.543234827621363,"Cottus perplexus","Cottus"
"11440",0,0.45355402802292,0.544387692413595,"Cottus rhotheus","Cottus"
"11447",0,0.458884571861261,0.539027187026693,"Cottus tenuis","Cottus"
"11986",0.535616638720277,0.130521749829746,0.332496248301916,"Agosia chrysogaster","Agosia"
"12024",0.592831379329367,0.107733981546613,0.298132745999324,"Acrocheilus alutaceus","Acrocheilus"
"12393",0.522959606480228,0,0.475869644398961,"Campostoma anomalum","Campostoma"
"12394",0.494591562642895,0,0.504209322564906,"Campostoma oligolepis","Campostoma"
"12396",0.557278332237226,0.00265890010329419,0.438888769649509,"Campostoma ornatum","Campostoma"
"12397",0.563548979130557,0.00321516828042001,0.432064710254491,"Campostoma pauciradii","Campostoma"
"12472",0.849300429739758,0,0.149691020755737,"Carassius auratus","Carassius"
"12552",0.410982286074236,0.0707217223289263,0.516947823750039,"Chrosomus cumberlandensis","Chrosomus"
"12553",0.331870643294862,0.0512099151902542,0.615553797197386,"Chrosomus eos","Chrosomus"
"12554",0.433207351972251,0.0546281367163316,0.510849830098277,"Chrosomus erythrogaster","Chrosomus"
"12555",0.40047586981711,0.0975862561233418,0.500544523871884,"Chrosomus neogaeus","Chrosomus"
"12556",0.453485427213318,0.0663942814705835,0.478800056090575,"Chrosomus oreas","Chrosomus"
"12558",0.422358635845527,0.0854329358043548,0.490846266926515,"Chrosomus tennesseensis","Chrosomus"
"12578",0.324530066200147,0.22215213644501,0.451710883671065,"Clinostomus elongatus","Clinostomus"
"12579",0.393290327709125,0.203620626592821,0.401546872575078,"Clinostomus funduloides","Clinostomus"
"12599",0.523388985399946,0.0939588851141373,0.381330480498555,"Couesius plumbeus","Couesius"
"12619",0.754733961562173,0.243934919050674,0,"Ctenopharyngodon idella","Ctenopharyngodon"
"12649",0.686717305772327,0,0.312195480204917,"Cyprinella analostana","Cyprinella"
"12652",0.644042142336348,0,0.354846229797566,"Cyprinella callisema","Cyprinella"
"12653",0.662383176566109,0,0.336504141696715,"Cyprinella callistia","Cyprinella"
"12655",0.648366642134893,0,0.35052979351749,"Cyprinella camura","Cyprinella"
"12656",0.639749149955397,0,0.359137609015643,"Cyprinella chloristia","Cyprinella"
"12658",0.624059647706543,0,0.374807510010286,"Cyprinella galactura","Cyprinella"
"12659",0.6384383250536,0,0.360449503976281,"Cyprinella gibbsi","Cyprinella"
"12660",0.643217309884795,0,0.355670957035459,"Cyprinella labrosa","Cyprinella"
"12661",0.643688122504849,0,0.355200086381206,"Cyprinella leedsi","Cyprinella"
"12662",0.636656352757836,0,0.362229347700545,"Cyprinella lepida","Cyprinella"
"12663",0.602929143484856,0,0.395960519598099,"Cyprinella lutrensis","Cyprinella"
"12666",0.642662353159014,0,0.356226198380229,"Cyprinella nivea","Cyprinella"
"12668",0.644254761327098,0,0.354634830461513,"Cyprinella proserpina","Cyprinella"
"12669",0.655061420729019,0,0.343836225102141,"Cyprinella pyrrhomelas","Cyprinella"
"12670",0.66441045287984,0,0.334495594899147,"Cyprinella spiloptera","Cyprinella"
"12671",0.615815166327213,0.00450033019957271,0.378534326434267,"Cyprinella trichroistia","Cyprinella"
"12672",0.581964692623562,0,0.416894566544548,"Cyprinella venusta","Cyprinella"
"12673",0.661333358810602,0,0.337579165570581,"Cyprinella whipplei","Cyprinella"
"12674",0.643544101510083,0,0.355347607155605,"Cyprinella xaenura","Cyprinella"
"12676",0.649253948454268,0,0.349637631517217,"Cyprinella zanema","Cyprinella"
"12686",0.896371195848768,0.083493840474936,0.0190301871431093,"Cyprinus carpio","Cyprinus"
"12834",0.591019762759538,0.0773899544120999,0.330333046020953,"Dionda episcopa","Dionda"
"12835",0.532640027024064,0.102812664433974,0.363225410784455,"Dionda nigrotaeniata","Dionda"
"12836",0.62566237403761,0.0650762925248965,0.30804206636989,"Dionda serena","Dionda"
"12865",0.687933907922783,0.0268966401642659,0.284032979573939,"Ericymba amplamala","Ericymba"
"12867",0.385319335793067,0.136892140124771,0.476335084550733,"Erimystax dissimilis","Erimystax"
"13052",0.515924962949997,0.0827158000990972,0.400052685326473,"Erimystax harryi","Erimystax"
"13053",0.433156897548052,0.130517187893801,0.434907967295814,"Erimystax insignis","Erimystax"
"13054",0.444102684079021,0.126703594050421,0.427787943726409,"Erimystax x-punctatus","Erimystax"
"13082",0.384485656575871,0.183376937075905,0.430617182867233,"Exoglossum laurae","Exoglossum"
"13083",0.502024505218748,0.125464047666272,0.371134035452374,"Exoglossum maxillingua","Exoglossum"
"13182",0.756715629069288,0.122289799153028,0.119762328286575,"Gila atraria","Gila"
"13187",0.769261322678888,0.0667319845833662,0.162859907095097,"Gila coerulea","Gila"
"13189",0.744228144723857,0.103016172743819,0.151546550015831,"Gila cypha","Gila"
"13193",0.660856290302971,0.141984426893557,0.195850614083228,"Gila elegans","Gila"
"13199",0.736800761215817,0.0786482423087638,0.18336831163374,"Gila pandora","Gila"
"13202",0.560783711843177,0.183345061185031,0.254450452976985,"Gila robusta","Gila"
"13203",0.59504678928345,0.166138006405283,0.237436470598005,"Gila seminuda","Gila"
"13327",0.434539166554121,0.126866025058402,0.437179280972072,"Hemitremia flammea","Hemitremia"
"13334",0.577797538245025,0.0584491495789604,0.362510810551173,"Hesperoleucus symmetricus","Hesperoleucus"
"13338",0.453852752527637,0.179377343173425,0.365295811762734,"Hybognathus amarus","Hybognathus"
"13339",0.478180627396682,0.153194470040122,0.367200483324116,"Hybognathus argyritis","Hybognathus"
"13340",0.489588097542599,0.136563636517759,0.372454776068359,"Hybognathus hankinsoni","Hybognathus"
"13341",0.487082009786623,0.146757226325815,0.364750874079314,"Hybognathus hayi","Hybognathus"
"13342",0.487864901352139,0.138799461397471,0.371938417175416,"Hybognathus nuchalis","Hybognathus"
"13343",0.464361009808377,0.162971678753867,0.371222458124197,"Hybognathus placitus","Hybognathus"
"13344",0.554126416387942,0.0780425975151939,0.366553871354923,"Hybognathus regius","Hybognathus"
"13346",0.511293458137384,0.135844931571267,0.351480315426843,"Hybopsis amblops","Hybopsis"
"13347",0.576320704471435,0.101030018775974,0.321350806420049,"Hybopsis amnis","Hybopsis"
"13348",0.592018747766901,0.0895269992002337,0.31717994108653,"Hybopsis hypsinotus","Hybopsis"
"13349",0.496207707101891,0.143352162993273,0.359037769349949,"Hybopsis lineapunctata","Hybopsis"
"13351",0.936497958718301,0.062474573192956,0,"Hypophthalmichthys molitrix","Hypophthalmichthys"
"13361",0.872925926866296,0.125993664669488,0,"Hypophthalmichthys nobilis","Hypophthalmichthys"
"13407",0.560270580285639,0.104609679794897,0.333805963798275,"Iotichthys phlegethontis","Iotichthys"
"13598",0.432581761128871,0.117173922717508,0.448841517000299,"Lepidomeda mollispinis","Lepidomeda"
"13599",0.514836733050518,0.13226641923472,0.351518866327029,"Lepidomeda vittata","Lepidomeda"
"13722",0.421967035529363,0.125324475321082,0.451291093271956,"Luxilus albeolus","Luxilus"
"13723",0.398109798563792,0.138906400821134,0.461534313567081,"Luxilus cardinalis","Luxilus"
"13724",0.436352309463796,0.113863895001413,0.448390478912141,"Luxilus cerasinus","Luxilus"
"13725",0.404208520478506,0.126740115296897,0.467617865814139,"Luxilus chrysocephalus","Luxilus"
"13726",0.410649700840536,0.132293137124205,0.455623145462775,"Luxilus coccogenis","Luxilus"
"13727",0.447810348465324,0.0957241624373827,0.455103843119705,"Luxilus cornutus","Luxilus"
"13729",0.420986211641728,0.123600701064132,0.453997079984431,"Luxilus pilsbryi","Luxilus"
"13730",0.40075943628754,0.133666093323444,0.464132839582171,"Luxilus zonatus","Luxilus"
"13731",0.38141089833054,0.144768493427693,0.472352824219834,"Luxilus zonistius","Luxilus"
"13733",0.657764683053889,0,0.341122237417192,"Lythrurus ardens","Lythrurus"
"13734",0.611374220723326,0.0146573383811348,0.372807936248568,"Lythrurus atrapiculus","Lythrurus"
"13735",0.59785350855255,0.0237444438291154,0.377221259136318,"Lythrurus bellus","Lythrurus"
"13736",0.600990297284667,0.0232551041884353,0.374575781011196,"Lythrurus fasciolaris","Lythrurus"
"13737",0.602200859514459,0.0230878126862165,0.373533241517464,"Lythrurus fumeus","Lythrurus"
"13738",0.541103942954324,0.0563495201334176,0.401288981304222,"Lythrurus lirus","Lythrurus"
"13740",0.558465171289501,0.00915939661452887,0.431193245552422,"Lythrurus roseipinnis","Lythrurus"
"13741",0.599496014099351,0.0226732619713457,0.37665212906678,"Lythrurus snelsoni","Lythrurus"
"13742",0.585521975358217,0.0144299178599819,0.398873576451771,"Lythrurus umbratilis","Lythrurus"
"13743",0.284583193512147,0.160638367460585,0.553237914071778,"Macrhybopsis aestivalis","Macrhybopsis"
"13744",0.404053421090228,0.135581669244062,0.458924408532212,"Macrhybopsis australis","Macrhybopsis"
"13747",0.386843704110367,0.146724922540504,0.464965998730368,"Macrhybopsis gelida","Macrhybopsis"
"13748",0.343202426647034,0.168028598820949,0.487250472102776,"Macrhybopsis hyostoma","Macrhybopsis"
"13749",0.390968355936132,0.131149893914196,0.47644009815109,"Macrhybopsis marconis","Macrhybopsis"
"13750",0.331793901251388,0.178123941353863,0.488541006461794,"Macrhybopsis meeki","Macrhybopsis"
"13752",0.356257165929658,0.17475125281024,0.467471558813631,"Macrhybopsis storeriana","Macrhybopsis"
"13757",0.436626532464405,0.170983475839653,0.390917908407781,"Margariscus margarita","Margariscus"
"13758",0.504875062820501,0.125603632785421,0.368150473432473,"Margariscus nachtriebi","Margariscus"
"13822",0.608088132418765,0.0681791670144436,0.322498482339529,"Mylocheilus caurinus","Mylocheilus"
"13823",0.576094158618843,0.115954487857118,0.306627694816738,"Mylopharodon conocephalus","Mylopharodon"
"13824",0.63334111991314,0.365248956259908,0,"Mylopharyngodon piceus","Mylopharyngodon"
"13855",0.387096604704111,0.200617620655877,0.410739739971871,"Nocomis asper","Nocomis"
"13856",0.351369886652447,0.219428077259942,0.427610176569165,"Nocomis biguttatus","Nocomis"
"13857",0.385371934160763,0.206120391390788,0.406953933366553,"Nocomis effusus","Nocomis"
"13858",0.390435668630638,0.204078750543509,0.403936520774614,"Nocomis leptocephalus","Nocomis"
"13859",0.37727113931798,0.209407012715107,0.411758162958403,"Nocomis micropogon","Nocomis"
"13860",0.457339086781328,0.15080531422505,0.390418089917909,"Nocomis platyrhynchus","Nocomis"
"13861",0.42431578735114,0.17418350829193,0.40001305392648,"Nocomis raneyi","Nocomis"
"13863",0.830233370139669,0.0333209635961377,0.135383302395185,"Notemigonus crysoleucas","Notemigonus"
"13866",0.496330061770113,0.0389955384834009,0.4634169276969,"Notropis altipinnis","Notropis"
"13867",0.522460709559537,0.0314212708535441,0.444884793311244,"Notropis amabilis","Notropis"
"13869",0.475421783928728,0.0498980436638902,0.473395894645449,"Notropis ammophilus","Notropis"
"13870",0.501267819720428,0.0430979413692623,0.45437371208861,"Notropis amoenus","Notropis"
"13872",0.492156344751769,0.0583815842455885,0.448174066854462,"Notropis ariommus","Notropis"
"13873",0.456546817603627,0.0652827540983114,0.476853376916362,"Notropis asperifrons","Notropis"
"13874",0.476523437806326,0.0393643368135985,0.482846583845563,"Notropis atherinoides","Notropis"
"13875",0.475286952919104,0.0484537125414135,0.474976385057328,"Notropis atrocaudalis","Notropis"
"13877",0.630948481451696,0.0802358676437791,0.287573528983895,"Notropis baileyi","Notropis"
"13878",0.439534419226129,0.0702798558709402,0.488853285672976,"Notropis bairdi","Notropis"
"13879",0.48800946352826,0.0282586811965271,0.482486478643066,"Notropis bifrenatus","Notropis"
"13880",0.51360157770189,0.0236925041242462,0.461482372316071,"Notropis blennius","Notropis"
"13881",0.461695505680603,0.0622642003872769,0.474730685685444,"Notropis boops","Notropis"
"13883",0.507176090885456,0.0359158552925081,0.455659872268304,"Notropis braytoni","Notropis"
"13884",0.495727338758601,0.0291533171644782,0.47387069647754,"Notropis buccatus","Notropis"
"13885",0.445046320905098,0.0631236911348464,0.490509988397736,"Notropis buccula","Notropis"
"13886",0.465620142706807,0.0164438036112162,0.516693418857913,"Notropis buchanani","Notropis"
"13887",0.487608323971362,0.0460104542336554,0.465108458352,"Notropis cahabae","Notropis"
"13888",0.546299899210003,0.0067097199680535,0.445805180738712,"Notropis calientis","Notropis"
"13889",0.507890111339624,0.0271166191678153,0.463757908792007,"Notropis chalybaeus","Notropis"
"13891",0.484039429985952,0.0567806184547643,0.457889872054881,"Notropis chiliticus","Notropis"
"13892",0.495936448087368,0.0389912014495983,0.46381341882782,"Notropis chlorocephalus","Notropis"
"13893",0.484126394384063,0.0407159952185649,0.473890310769083,"Notropis chrosomus","Notropis"
"13894",0.49250162529418,0.0454948103854442,0.460734187191549,"Notropis cummingsae","Notropis"
"13895",0.439814493768412,0.0565126760172918,0.502359275393855,"Notropis dorsalis","Notropis"
"13896",0.479810881697073,0.0616442944847708,0.4572440372817,"Notropis girardi","Notropis"
"13897",0.508148160883595,0.0365313699248839,0.454072227231372,"Notropis greenei","Notropis"
"13899",0.487331997651745,0.0583416529922012,0.453034491157632,"Notropis heterodon","Notropis"
"13900",0.492491115955463,0.0423866663024028,0.463856686986564,"Notropis heterolepis","Notropis"
"13901",0.547876399117346,0,0.450954394193488,"Notropis hudsonius","Notropis"
"13904",0.494708861837836,0.0536850769261097,0.450326768592276,"Notropis jemezanus","Notropis"
"13905",0.446423388752021,0.0652775428148278,0.486976413812559,"Notropis leuciodus","Notropis"
"13906",0.474480007871073,0.049467686090036,0.474768026715957,"Notropis longirostris","Notropis"
"13907",0.511989294712266,0.033419987991945,0.453348516660881,"Notropis lutipinnis","Notropis"
"13908",0.449133126856424,0.0354424169593073,0.514145685959576,"Notropis maculatus","Notropis"
"13911",0.449538050325152,0.0584073386148713,0.490743597522068,"Notropis micropteryx","Notropis"
"13913",0.529486269985891,0.0238684363621819,0.445427813215639,"Notropis nubilus","Notropis"
"13915",0.47928838976681,0.0481850369141635,0.471245533274116,"Notropis oxyrhynchus","Notropis"
"13916",0.461390065361922,0.0559725059624143,0.481336143719725,"Notropis ozarcanus","Notropis"
"13917",0.486270545444662,0.0481821032469267,0.464270557486138,"Notropis perpallidus","Notropis"
"13918",0.470816092931863,0.041194190319524,0.486713558909819,"Notropis petersoni","Notropis"
"13919",0.472991202281603,0.137012560695553,0.38858577378954,"Notropis photogenis","Notropis"
"13920",0.490103205458174,0.0229666175953884,0.485692925225631,"Notropis procne","Notropis"
"13921",0.450604900907994,0.0475930570559523,0.500507614968458,"Notropis rubellus","Notropis"
"13922",0.469769281277068,0.0684590749839208,0.460457133090692,"Notropis rubricroceus","Notropis"
"13924",0.480725610957155,0.0484416518762812,0.469551079680274,"Notropis sabinae","Notropis"
"13926",0.500276008078766,0.0426558992562206,0.45580608386283,"Notropis scepticus","Notropis"
"13927",0.475361907613577,0.050517341954716,0.472835064938372,"Notropis semperasper","Notropis"
"13928",0.520488201444775,0.01831282351304,0.459983271834518,"Notropis shumardi","Notropis"
"13929",0.461310054942123,0.0622125992999023,0.475167572259737,"Notropis simus","Notropis"
"13930",0.395131465237021,0.0942774307193836,0.509199535288658,"Notropis spectrunculus","Notropis"
"13931",0.470143221863511,0.0655615938778809,0.462984722598983,"Notropis stilbius","Notropis"
"13932",0.529218774929551,0.0051400394757857,0.46444790313316,"Notropis stramineus","Notropis"
"13933",0.449484208813502,0.070951154204007,0.478235958315861,"Notropis telescopus","Notropis"
"13934",0.466643611314398,0.011112307957119,0.521009840786297,"Notropis texanus","Notropis"
"13935",0.560591736584852,0.000959806070406142,0.43727963789368,"Notropis topeka","Notropis"
"13936",0.42203121676215,0.0863809878559935,0.490222759300316,"Notropis uranoscopus","Notropis"
"13937",0.459203755142758,0.0857825158956492,0.453668420580943,"Notropis volucellus","Notropis"
"13938",0.480327834036557,0.0491703807467606,0.469221017584823,"Notropis wickliffi","Notropis"
"13939",0.455241447170314,0.062187569760093,0.481257109077304,"Notropis xaenocephalus","Notropis"
"13976",0.656950846653362,0.0404672702388891,0.301413798183355,"Opsopoeodus emiliae","Opsopoeodus"
"14109",0.324129923631768,0.230579423068424,0.443677391829158,"Phenacobius catostomus","Phenacobius"
"14110",0.284628099234111,0.250443003245431,0.463263648967943,"Phenacobius crassilabrum","Phenacobius"
"14111",0.333592842634357,0.212427171414283,0.452394016914563,"Phenacobius mirabilis","Phenacobius"
"14112",0.297258969921845,0.251823679341847,0.449256140153807,"Phenacobius teretulus","Phenacobius"
"14113",0.247504066505408,0.279066537754884,0.471703452744865,"Phenacobius uranops","Phenacobius"
"14138",0.216658664426752,0.159058717718978,0.622708092795933,"Pimephales notatus","Pimephales"
"14139",0.340924368282009,0.0117854143990782,0.645984584763032,"Pimephales promelas","Pimephales"
"14142",0.376542080984211,0.0979856182046729,0.52406661552309,"Pimephales tenellus","Pimephales"
"14143",0.372583314487799,0.0936998503586281,0.532314006791509,"Pimephales vigilax","Pimephales"
"14149",0.496927701403405,0.149603032055505,0.352058009108069,"Plagopterus argentissimus","Plagopterus"
"14150",0.396195402630192,0.333958437295126,0.268124073683031,"Platygobio gracilis","Platygobio"
"14228",0.676932962746279,0.0104544915857952,0.311493117999072,"Pteronotropis euryzonus","Pteronotropis"
"14229",0.583608853513901,0.0650363422410295,0.3501120099713,"Pteronotropis grandipinnis","Pteronotropis"
"14231",0.538789681835281,0.088609312946013,0.37129990190298,"Pteronotropis hypselopterus","Pteronotropis"
"14232",0.700016229380229,0,0.298894077633746,"Pteronotropis merlini","Pteronotropis"
"14233",0.619495489440732,0.0418663996947081,0.337445150369613,"Pteronotropis metallicus","Pteronotropis"
"14234",0.60513513010215,0.0494984106529931,0.344154953921337,"Pteronotropis signipinnis","Pteronotropis"
"14235",0.612865553413362,0.045769741938776,0.340162280690635,"Pteronotropis stonei","Pteronotropis"
"14277",0.390841931028079,0.309359890898125,0.298107049151275,"Ptychocheilus grandis","Ptychocheilus"
"14278",0.358912356838735,0.339463172788413,0.299873285647046,"Ptychocheilus lucius","Ptychocheilus"
"14279",0.657974347806959,0.260559779422319,0.0799877628964189,"Ptychocheilus oregonensis","Ptychocheilus"
"14281",0.473022559225648,0.256587565269122,0.268816577780623,"Ptychocheilus umpquae","Ptychocheilus"
"14445",0.477158370440148,0.107415235972917,0.41406165931269,"Rhinichthys atratulus","Rhinichthys"
"14446",0.312708979195899,0.230114148295992,0.455550216516251,"Rhinichthys cataractae","Rhinichthys"
"14448",0.347867985222196,0.186936901457584,0.463648364887147,"Rhinichthys cobitis","Rhinichthys"
"14450",0.300747321712669,0.230641214571236,0.46697655105506,"Rhinichthys evermanni","Rhinichthys"
"14451",0.349921514407342,0.217097446798643,0.431391995713219,"Rhinichthys falcatus","Rhinichthys"
"14452",0.442737104803824,0.107102114532492,0.448778650234283,"Rhinichthys obtusus","Rhinichthys"
"14453",0.359905428717079,0.194649421862576,0.443896846276643,"Rhinichthys osculus","Rhinichthys"
"14454",0.356596977831602,0.193583542313972,0.448268931843047,"Rhinichthys umatilla","Rhinichthys"
"14513",0.608509392279597,0.0876830421892842,0.302540940853181,"Richardsonius balteatus","Richardsonius"
"14514",0.635170202226661,0.0633267779351178,0.300284355045248,"Richardsonius egregius","Richardsonius"
"14632",0.81336881029346,0.0442421565004614,0.141300341930482,"Scardinius erythrophthalmus","Scardinius"
"14684",0.31616122510367,0.3471601816479,0.334888716202615,"Semotilus atromaculatus","Semotilus"
"14685",0.425321769326982,0.291778570417887,0.281249968264979,"Semotilus corporalis","Semotilus"
"14687",0.493553826708098,0.219854707433517,0.285077285256042,"Semotilus thoreauianus","Semotilus"
"14749",0.724846771424753,0.109080445568,0.164842396584626,"Siphateles bicolor","Siphateles"
"14897",0.746683292175039,0.151713146135306,0.100323327478063,"Tinca tinca","Tinca"
"15061",0.430928977283314,0,0.567852019595815,"Cyprinodon rubrofluviatilis","Cyprinodon"
"15067",0.470259350358576,0,0.528546725646817,"Cyprinodon variegatus","Cyprinodon"
"15073",0.352982949131881,0,0.645777755446447,"Jordanella floridae","Jordanella"
"15597",0.0914126345631594,0.145083561755148,0.761871697440007,"Elassoma evergladei","Elassoma"
"15601",0.289228116295729,0.0729093325299726,0.636440096114421,"Elassoma zonatum","Elassoma"
"15647",0.424730609393131,0.170603347226145,0.403177783032157,"Dormitator maculatus","Dormitator"
"15650",0.228097857928469,0.346556526696125,0.423502903589187,"Eleotris amblyopsis","Eleotris"
"15681",0.353659951203266,0.471171188112733,0.173223092585294,"Gobiomorus dormitor","Gobiomorus"
"15767",0.481350569763113,0.342586141643535,0.174381114161651,"Elops saurus","Elops"
"15788",0.400736625637015,0.233168378285777,0.364510290606673,"Hysterocarpus traskii","Hysterocarpus"
"15831",0.539633937656844,0,0.459202650176913,"Anchoa mitchilli","Anchoa"
"16315",0.156560518351619,0.522748920991564,0.318573589871169,"Esox americanus","Esox"
"16320",0.315106705601468,0.607816843985218,0.0749297700785152,"Esox lucius","Esox"
"16377",0.364855358239334,0.633012355395277,0,"Esox masquinongy","Esox"
"16402",0.255119431209487,0.583701976430347,0.159031421931796,"Esox niger","Esox"
"16587",0.2299698949736,0.162418571573028,0.60603635706915,"Fundulus catenatus","Fundulus"
"16588",0.300692484516856,0.0965004992026308,0.601362550460417,"Fundulus chrysotus","Fundulus"
"16591",0.258670233079792,0.155191650768754,0.584591568724704,"Fundulus diaphanus","Fundulus"
"16592",0.285805073140375,0.120311645966341,0.592398299473809,"Fundulus dispar","Fundulus"
"16593",0.284780189844097,0.137754778174385,0.575955911903088,"Fundulus escambiae","Fundulus"
"16594",0.290626436695905,0.160461632139666,0.547370937086201,"Fundulus grandis","Fundulus"
"16596",0.379567212225642,0.0926837112118662,0.526352691068877,"Fundulus heteroclitus","Fundulus"
"16601",0.239014046171166,0.157348619599913,0.602074984717158,"Fundulus kansae","Fundulus"
"16603",0.239473823806005,0.154102873254459,0.604865842191484,"Fundulus lineolatus","Fundulus"
"16607",0.226220380195783,0.154336360917971,0.617875342704389,"Fundulus notatus","Fundulus"
"16609",0.282396003500426,0.139662041177322,0.576428099812007,"Fundulus olivaceus","Fundulus"
"16612",0.317051751083536,0.136676122166678,0.544780906540165,"Fundulus rathbuni","Fundulus"
"16615",0.245718280056432,0.138487344448633,0.614261262220372,"Fundulus sciadicus","Fundulus"
"16616",0.321789904239473,0.106078280379064,0.570687094260121,"Fundulus seminolis","Fundulus"
"16618",0.256968993688705,0.143564690653883,0.597932403048311,"Fundulus stellifer","Fundulus"
"16621",0.267402540134632,0.15145631365355,0.579602858049989,"Fundulus zebrinus","Fundulus"
"16623",0.430030211390025,0.00648774496864934,0.562234533822269,"Lucania goodei","Lucania"
"16625",0.416182357856779,0,0.58261837557421,"Lucania parva","Lucania"
"16937",0.188210320832317,0.564282184611855,0.24535388258647,"Microgadus tomcod","Microgadus"
"17082",0.0543981948578495,0.257982127588518,0.685819745548671,"Apeltes quadracus","Apeltes"
"17086",0.165099220301066,0.241584788575202,0.591594586865458,"Culaea inconstans","Culaea"
"17087",0.291875640347137,0.156694809090513,0.549894675831468,"Gasterosteus aculeatus","Gasterosteus"
"17106",0,0.310838096780834,0.687272710941526,"Pungitius pungitius","Pungitius"
"17198",0.536534265717016,0,0.462292441594018,"Diapterus auratus","Diapterus"
"17203",0.691507566051342,0.0289575310600599,0.278397398209232,"Eucinostomus argenteus","Eucinostomus"
"17214",0.611763252922432,0.0699471493218907,0.317045936707728,"Eucinostomus harengulus","Eucinostomus"
"17231",0.818189637215349,0.0246546874856471,0.156095314316016,"Gerres cinereus","Gerres"
"17531",0,0.392487212237645,0.605502724614933,"Acanthogobius flavimanus","Acanthogobius"
"17707",0.275199614988651,0.103762543020899,0.619566074627539,"Awaous banana","Awaous"
"18016",0,0.20919256056108,0.789052510510044,"Ctenogobius shufeldti","Ctenogobius"
"18424",0,0.278824231679769,0.719353422495063,"Gobioides broussonnetii","Gobioides"
"18432",0.188384119770717,0.232715148176899,0.57720288810097,"Gobionellus oceanicus","Gobionellus"
"18460",0.026722001119698,0.17359323921152,0.797978718167961,"Gobiosoma bosc","Gobiosoma"
"18664",0,0.34523613514215,0.652808856917385,"Microgobius gulosus","Microgobius"
"18721",0.188597714253804,0.341291053171033,0.468255839430625,"Neogobius melanostomus","Neogobius"
"20187",0.0366276329634758,0.676438050229916,0.284536084222622,"Hemitripterus americanus","Hemitripterus"
"20426",0.724789424971753,0.224532377854748,0.0492894255598467,"Hiodon alosoides","Hiodon"
"20430",0.733601318270306,0.144495593204339,0.120630887982181,"Hiodon tergisus","Hiodon"
"20641",0.0414610813463968,0.578761330768373,0.377510915923006,"Ameiurus brunneus","Ameiurus"
"20642",0.212089613919985,0.508727197842934,0.277109948794588,"Ameiurus catus","Ameiurus"
"20645",0.232324328076996,0.501690768885802,0.263931553416809,"Ameiurus melas","Ameiurus"
"20647",0.0644865128501101,0.561797634029893,0.371487807140886,"Ameiurus natalis","Ameiurus"
"20648",0.197978715193579,0.515756748040118,0.284171802895196,"Ameiurus nebulosus","Ameiurus"
"20655",0.104019609437646,0.534069826683905,0.359741608906796,"Ameiurus platycephalus","Ameiurus"
"20658",0.409813134856872,0.567749443429491,0.0203996108689493,"Ictalurus furcatus","Ictalurus"
"20668",0.246088926093903,0.542887593539412,0.208927302891578,"Ictalurus lupus","Ictalurus"
"20671",0.349071791420499,0.486791782722497,0.162179179728238,"Ictalurus punctatus","Ictalurus"
"20685",0,0.376591660911277,0.621449180881786,"Noturus albater","Noturus"
"20688",0,0.393966447154299,0.604025949673616,"Noturus elegans","Noturus"
"20689",0,0.383140497038486,0.614884558797248,"Noturus eleutherus","Noturus"
"20690",0,0.376261671416861,0.621765622945997,"Noturus exilis","Noturus"
"20691",0,0.311241933470486,0.686881985392108,"Noturus fasciatus","Noturus"
"20692",0,0.455457438889739,0.542436801193156,"Noturus flavater","Noturus"
"20695",0,0.421763508764452,0.576191402789594,"Noturus flavus","Noturus"
"20696",0.00241530029487295,0.402321423680244,0.593223184825161,"Noturus funebris","Noturus"
"20700",0,0.410869897251781,0.58710719959196,"Noturus gyrinus","Noturus"
"20701",0,0.39824734386056,0.599755195135873,"Noturus hildebrandi","Noturus"
"20702",0,0.423677420276537,0.574300857251515,"Noturus insignis","Noturus"
"20703",0,0.391652908099975,0.606357378750322,"Noturus lachneri","Noturus"
"20704",0,0.368970398530385,0.629076999508704,"Noturus leptacanthus","Noturus"
"20705",0,0.398870609925677,0.599129412208131,"Noturus maydeni","Noturus"
"20706",0,0.406792002842994,0.591227686846323,"Noturus miurus","Noturus"
"20707",0,0.373948274038427,0.624081937021414,"Noturus munitus","Noturus"
"20708",0,0.404226612026511,0.593773105869519,"Noturus nocturnus","Noturus"
"20709",0,0.407080519283293,0.590876608388404,"Noturus phaeus","Noturus"
"20712",0,0.406190527049692,0.591806218571165,"Noturus stigmosus","Noturus"
"20717",0.132309410158626,0.695072150341341,0.170245873694218,"Pylodictis olivaris","Pylodictis"
"22204",0.222790328161523,0.654929905864161,0.12002028521007,"Atractosteus spatula","Atractosteus"
"22209",0.175192012790483,0.657619856364852,0.164898113731168,"Lepisosteus oculatus","Lepisosteus"
"22212",0.148468713512035,0.765248826243772,0.0838283754939687,"Lepisosteus osseus","Lepisosteus"
"22218",0.186341724335213,0.685133292458254,0.126203556875485,"Lepisosteus platostomus","Lepisosteus"
"22219",0.142306442754056,0.676342857882454,0.179016542694192,"Lepisosteus platyrhincus","Lepisosteus"
"22916",0.099463014965757,0.438551948363251,0.459960957517979,"Hypostomus plecostomus","Hypostomus"
"23099",0.0792312312381836,0.503304920035642,0.415341557269625,"Pterygoplichthys anisitsi","Pterygoplichthys"
"23100",0.0824552479624879,0.483631221646157,0.431819715324078,"Pterygoplichthys disjunctivus","Pterygoplichthys"
"23103",0.138304054244106,0.441950042653321,0.417745925614977,"Pterygoplichthys multiradiatus","Pterygoplichthys"
"23190",0.183241823006383,0.726631656878741,0.0877423776612668,"Lota lota","Lota"
"25393",0.525642087814887,0.367642958913192,0.105016471714964,"Morone americana","Morone"
"25396",0.66834459802999,0.253717641044638,0.0764713339224908,"Morone chrysops","Morone"
"25409",0.604743319523136,0.2069632815895,0.186858356753845,"Morone mississippiensis","Morone"
"25411",0.565715030657844,0.432617542116222,0,"Morone saxatilis","Morone"
"25539",0.884401382655925,0.0019312865481504,0.112677856156959,"Mugil cephalus","Mugil"
"25579",0.789019892860499,0,0.209974258308528,"Mugil curema","Mugil"
"28072",0.0642305509023144,0.721036282244188,0.212310178551222,"Myrophis punctatus","Myrophis"
"28722",0.387793931647172,0.386395062005262,0.224011344606138,"Osmerus mordax","Osmerus"
"28734",0.456705126785085,0.273018654194855,0.268684691324617,"Thaleichthys pacificus","Thaleichthys"
"29022",0.635805995540975,0.11566750994591,0.247239295160214,"Citharichthys spilopterus","Citharichthys"
"29066",0.759001879257948,0.239618034042907,0,"Paralichthys lethostigma","Paralichthys"
"29398",0.18383703240997,0.312985161717161,0.501365413029679,"Ammocrypta clara","Ammocrypta"
"29400",0.0816308424215927,0.384062460249451,0.532335343661284,"Ammocrypta pellucida","Ammocrypta"
"29401",0.140167121775541,0.331406989004731,0.526562945924103,"Ammocrypta vivax","Ammocrypta"
"29402",0.0958068807798684,0.331798260785387,0.57050550685309,"Ammocrypta beanii","Ammocrypta"
"29403",0.0314413435829762,0.350898689841022,0.615707610537512,"Ammocrypta bifascia","Ammocrypta"
"29405",0.16635263428243,0.402475751869206,0.429225454566749,"Crystallaria asprella","Crystallaria"
"29408",0.187089212372136,0.258064618255617,0.553111136602019,"Etheostoma serrifer","Etheostoma"
"29409",0.162451873632105,0.264854726102419,0.570935450597963,"Etheostoma simoterum","Etheostoma"
"29413",0.199499824277408,0.241952053633731,0.556840498662211,"Etheostoma spectabile","Etheostoma"
"29420",0.124124383542071,0.286771393786316,0.587292591378109,"Etheostoma asprigene","Etheostoma"
"29423",0.136640927788901,0.274361644828861,0.58721149089672,"Etheostoma baileyi","Etheostoma"
"29424",0.00889363879412718,0.305099094146474,0.684105177313361,"Etheostoma barbouri","Etheostoma"
"29426",0.138513620152064,0.278642466219553,0.581051721164491,"Etheostoma barrenense","Etheostoma"
"29428",0.133267424325574,0.275812770290924,0.589128457063534,"Etheostoma bellator","Etheostoma"
"29429",0.157507925020152,0.265031560898481,0.575697538997266,"Etheostoma bellum","Etheostoma"
"29431",0.167388989635224,0.340210570923785,0.4905358407959,"Etheostoma blennioides","Etheostoma"
"29433",0.133053445481015,0.279987892543541,0.585161415428664,"Etheostoma blennius","Etheostoma"
"29436",0.125428894628017,0.285085169073413,0.587677086830835,"Etheostoma brevispinum","Etheostoma"
"29438",0.217399292516566,0.227016268275456,0.553905974998261,"Etheostoma caeruleum","Etheostoma"
"29440",0.205986296010459,0.251941992355168,0.540352674978758,"Etheostoma camurum","Etheostoma"
"29441",0.147188680208911,0.271810321736467,0.579222959717577,"Etheostoma cervus","Etheostoma"
"29445",0.151185209272396,0.295370048805554,0.551636334424877,"Etheostoma chlorosomum","Etheostoma"
"29446",0.11588172568283,0.289484291173141,0.592812641883947,"Etheostoma chuckwachatte","Etheostoma"
"29447",0.0313980697910192,0.316189540790446,0.650509141581293,"Etheostoma cinereum","Etheostoma"
"29448",0.0730662398330005,0.31851536585577,0.606533498211962,"Etheostoma collettei","Etheostoma"
"29449",0.1013803992266,0.299668773159394,0.597107460635419,"Etheostoma collis","Etheostoma"
"29450",0.104896086522346,0.299304797631945,0.593959573657199,"Etheostoma colorosum","Etheostoma"
"29451",0.145977217801544,0.29478525974445,0.557427663363287,"Etheostoma coosae","Etheostoma"
"29453",0.0836418089204362,0.303602850431505,0.610899722868551,"Etheostoma cragini","Etheostoma"
"29454",0.113510686542729,0.289853820613072,0.594812634067792,"Etheostoma crossopterum","Etheostoma"
"29457",0.127803093567507,0.281498730090405,0.588895531802312,"Etheostoma denoncourti","Etheostoma"
"29458",0.111758950802661,0.291119141784359,0.595296122412504,"Etheostoma derivativum","Etheostoma"
"29459",0.168850089268141,0.227378485403664,0.60206579322933,"Etheostoma ditrema","Etheostoma"
"29461",0.124214701372819,0.282342889556936,0.591635974818768,"Etheostoma douglasi","Etheostoma"
"29462",0.142545524660145,0.26833639232382,0.587344471374898,"Etheostoma duryi","Etheostoma"
"29463",0.173730647736085,0.279836851817897,0.544656430511371,"Etheostoma edwini","Etheostoma"
"29467",0.0925541618687903,0.305107988423568,0.600483634918183,"Etheostoma euzonum","Etheostoma"
"29468",0.2110058460547,0.303994572931315,0.483210220647403,"Etheostoma exile","Etheostoma"
"29470",0.065664393758863,0.316744455418175,0.615706499823066,"Etheostoma flabellare","Etheostoma"
"29475",0.146700033390446,0.25603054906306,0.595514822039222,"Etheostoma flavum","Etheostoma"
"29479",0.19802769127123,0.2644476552991,0.535783443241346,"Etheostoma fusiforme","Etheostoma"
"29480",0.149428775251093,0.237689714824174,0.61114974597187,"Etheostoma gracile","Etheostoma"
"29481",0.187998877697931,0.266297141561838,0.543954895989426,"Etheostoma grahami","Etheostoma"
"29482",0.125341221447912,0.285975895488434,0.586874453223814,"Etheostoma histrio","Etheostoma"
"29483",0.169906488263285,0.26069429932545,0.567649161320822,"Etheostoma hopkinsi","Etheostoma"
"29484",0.127299230335616,0.289725792427535,0.581159204599698,"Etheostoma inscriptum","Etheostoma"
"29485",0.115910287771689,0.296243894028212,0.586016341431748,"Etheostoma jordani","Etheostoma"
"29486",0.205844014804468,0.246014203597484,0.546429278970915,"Etheostoma juliae","Etheostoma"
"29489",0.107537445734191,0.292803842837516,0.597829130695069,"Etheostoma kantuckeense","Etheostoma"
"29490",0.0396975280271141,0.318219946041806,0.640179879966544,"Etheostoma kennicotti","Etheostoma"
"29492",0.128024008327123,0.276163763936248,0.594019023127352,"Etheostoma lachneri","Etheostoma"
"29496",0.148904036220359,0.271004851269016,0.578313706277661,"Etheostoma lepidum","Etheostoma"
"29498",0.115641788418243,0.283165905628246,0.59938223395148,"Etheostoma longimanum","Etheostoma"
"29500",0.0555668403153405,0.306836783006664,0.635719594473774,"Etheostoma luteovinctum","Etheostoma"
"29501",0.122811296682178,0.27616279283755,0.599228642178249,"Etheostoma lynceum","Etheostoma"
"29502",0.130576932856552,0.281569212323176,0.586054343085127,"Etheostoma maculatum","Etheostoma"
"29503",0.0754503369294292,0.290084950786677,0.632622805742901,"Etheostoma mariae","Etheostoma"
"29514",0.0850237795830887,0.299489068177704,0.613635916732096,"Etheostoma nigripinne","Etheostoma"
"29515",0,0.321564221781871,0.676512694223889,"Etheostoma nigrum","Etheostoma"
"29522",0.176367245534193,0.246284623673502,0.575623829324801,"Etheostoma occidentale","Etheostoma"
"29525",0.0754712197536146,0.318972342251525,0.603675161639623,"Etheostoma olmstedi","Etheostoma"
"29526",0.16056853922601,0.257990327944312,0.579690005850175,"Etheostoma oophylax","Etheostoma"
"29527",0.0425067749261275,0.30787152287982,0.647737231015732,"Etheostoma osburni","Etheostoma"
"29530",0.139857279158558,0.264089336583567,0.594280215061463,"Etheostoma parvipinne","Etheostoma"
"29533",0.150096492966288,0.26271713363285,0.585425405001018,"Etheostoma planasaxatile","Etheostoma"
"29534",0.1238991420193,0.271690965113886,0.602620873445743,"Etheostoma podostemone","Etheostoma"
"29536",0.154200694018078,0.239469366827895,0.604598082647047,"Etheostoma proeliare","Etheostoma"
"29539",0.131004673943478,0.277850133439178,0.589349642499633,"Etheostoma punctulatum","Etheostoma"
"29541",0.214470692989939,0.276768909370219,0.50701118342776,"Etheostoma radiosum","Etheostoma"
"29544",0.159054964138179,0.263434816917327,0.575751815684017,"Etheostoma rafinesquei","Etheostoma"
"29545",0.149903589987766,0.273128370811914,0.575191343200532,"Etheostoma ramseyi","Etheostoma"
"29548",0.262790219430272,0.233891734130695,0.501655716054209,"Etheostoma rufilineatum","Etheostoma"
"29549",0.0714461864077249,0.320489290150456,0.606177201051726,"Etheostoma rupestre","Etheostoma"
"29550",0.103638975656161,0.29107596944795,0.603456468749096,"Etheostoma sagitta","Etheostoma"
"29553",0.145703609597914,0.268710352060702,0.583813061461825,"Etheostoma scotti","Etheostoma"
"29555",0.0650498142146427,0.321358619276441,0.611697999820759,"Etheostoma squamiceps","Etheostoma"
"29557",0.1026864301625,0.322861504774361,0.572576217214934,"Etheostoma stigmaeum","Etheostoma"
"29559",0.0708818291358121,0.30947375883713,0.617771781106422,"Etheostoma swaini","Etheostoma"
"29560",0.178860081357831,0.267623332863196,0.551764256345427,"Etheostoma swannanoa","Etheostoma"
"29561",0.129352677516417,0.280313392025256,0.588535122203873,"Etheostoma tallapoosae","Etheostoma"
"29563",0.119590155705167,0.284100878774743,0.594499947552425,"Etheostoma tennesseense","Etheostoma"
"29564",0.145548882663148,0.281248002083379,0.571409093089024,"Etheostoma tetrazonum","Etheostoma"
"29566",0.116544351617522,0.283298259034516,0.598345500181917,"Etheostoma thalassinum","Etheostoma"
"29568",0.234711185416461,0.244006908078507,0.51958989815631,"Etheostoma tippecanoe","Etheostoma"
"29571",0.21197584448737,0.286446019224795,0.499814807405262,"Etheostoma variatum","Etheostoma"
"29572",0.0443552005119139,0.312541798136104,0.641211390473403,"Etheostoma virgatum","Etheostoma"
"29573",0.0423915805174939,0.351903241575105,0.603756220373874,"Etheostoma vitreum","Etheostoma"
"29574",0.1792817440638,0.246624854836277,0.572368762999244,"Etheostoma vulneratum","Etheostoma"
"29576",0.168835781061309,0.262152284919188,0.567259148470354,"Etheostoma whipplei","Etheostoma"
"29577",0.241598970582811,0.226460328871604,0.530277240935466,"Etheostoma zonale","Etheostoma"
"29578",0.128563507805714,0.28024103490416,0.589395416756333,"Etheostoma zonistium","Etheostoma"
"29611",0.283998947177377,0.314017991667459,0.400222144876881,"Percina aurantiaca","Percina"
"29613",0.269934838440675,0.320014048817887,0.408275252319696,"Percina aurolineata","Percina"
"29614",0.249502333058617,0.333171840476711,0.415518817497615,"Percina aurora","Percina"
"29619",0.283656811259704,0.321674437305762,0.392897573031416,"Percina burtoni","Percina"
"29620",0.334569929335622,0.300143519430905,0.363574906322376,"Percina caprodes","Percina"
"29623",0.256695424913643,0.326295173698081,0.415216424267053,"Percina carbonaria","Percina"
"29624",0.260836132658577,0.325465172547893,0.411907842854928,"Percina copelandi","Percina"
"29626",0.348197527081981,0.27483334905148,0.37529959320033,"Percina crassa","Percina"
"29628",0.294819739907862,0.307655626716806,0.395778860389919,"Percina cymatotaenia","Percina"
"29629",0.274795845687043,0.320112443874786,0.403316976880163,"Percina evides","Percina"
"29630",0.280618553856439,0.316914074952299,0.400701302407154,"Percina fulvitaenia","Percina"
"29631",0.566582449173532,0.276442241496513,0.1554180874528,"Perca flavescens","Perca"
"29786",0.25403929183291,0.333484166696821,0.410672063676496,"Percina kathae","Percina"
"29788",0.299980574947117,0.301220253896184,0.397065055128005,"Percina lenticula","Percina"
"29789",0.265054585391281,0.33222597552322,0.400922331543312,"Percina macrocephala","Percina"
"29790",0.274739640543902,0.300837120037024,0.422676490225895,"Percina macrolepida","Percina"
"29792",0.259623634193623,0.363883283654641,0.374648295659911,"Percina maculata","Percina"
"29794",0.265294912427745,0.33709874859521,0.395801065696753,"Percina nasuta","Percina"
"29795",0.261215060933223,0.331837998831066,0.405149534719448,"Percina nevisense","Percina"
"29796",0.255935050416346,0.27632343840486,0.466019131558291,"Percina nigrofasciata","Percina"
"29798",0.249098138784772,0.322620740656842,0.426487615059043,"Percina notogramma","Percina"
"29799",0.28413943847216,0.318406980130021,0.395686142885839,"Percina oxyrhynchus","Percina"
"29800",0.269069543401502,0.263165079352158,0.46606655266824,"Percina palmaris","Percina"
"29801",0.217436271048478,0.339060485918009,0.441669871304335,"Percina pantherina","Percina"
"29803",0.307662250467233,0.302731743958626,0.387874222576344,"Percina peltata","Percina"
"29804",0.286206605861308,0.314110517231898,0.397922555290759,"Percina phoxocephala","Percina"
"29806",0.257730204766576,0.322822938322158,0.417658404137951,"Percina rex","Percina"
"29807",0.333534744949717,0.284006213849561,0.380767642846445,"Percina roanoka","Percina"
"29808",0.254528842252462,0.27851939320288,0.465222840244907,"Percina sciera","Percina"
"29810",0.491833131114316,0.425096096222013,0.0812728691545623,"Percina shumardi","Percina"
"29811",0.189400548083181,0.363926917279871,0.444789998422868,"Percina sipsi","Percina"
"29814",0.300152862228238,0.311095020275871,0.387004764380206,"Percina stictogaster","Percina"
"29815",0.322970995487201,0.295570969988706,0.379746440567133,"Percina suttkusi","Percina"
"29818",0.255007637754458,0.333802004925698,0.409386243009442,"Percina uranidea","Percina"
"29819",0.189515121507464,0.356645814816155,0.451966597844238,"Percina vigil","Percina"
"29823",0.262008624061293,0.549741008423144,0.186149381982713,"Sander canadensis","Sander"
"29884",0.429397254879405,0.516867314623901,0.0517759110010811,"Sander vitreus","Sander"
"29993",0.136967113151785,0.439571159471402,0.421446466915074,"Percopsis omiscomaycus","Percopsis"
"29996",0.127922475551506,0.424339764640303,0.445739817451036,"Percopsis transmontana","Percopsis"
"30811",0.696564671395414,0.301920351688261,0,"Platichthys stellatus","Platichthys"
"30981",0.239869886218729,0.0398105393772459,0.718914874639871,"Gambusia affinis","Gambusia"
"30997",0.239266998910771,0.0404491340826614,0.718877236622122,"Gambusia geiseri","Gambusia"
"31001",0.279633252111079,0.0439238258847023,0.675051960969132,"Gambusia holbrooki","Gambusia"
"31041",0.0345746954512533,0,0.964046820267223,"Heterandria formosa","Heterandria"
"31108",0.264325517137233,0,0.734385997624907,"Poecilia formosa","Poecilia"
"31112",0.409984674361381,0,0.588784643124011,"Poecilia latipinna","Poecilia"
"31139",0.237192100275294,0,0.761508690802517,"Poecilia sphenops","Poecilia"
"31309",0.522122697768645,0.424246745046306,0.0518705288135515,"Polyodon spathula","Polyodon"
"32135",0.791876626000538,0.206852256717733,0,"Pomatomus saltatrix","Pomatomus"
"33268",0.630678359024708,0.187047985914457,0.180894901915564,"Coregonus artedi","Coregonus"
"33288",0.696039050318306,0.297061333987936,0.00538995312499103,"Coregonus clupeaformis","Coregonus"
"33533",0.511899128384178,0.336612311698892,0.149822473582513,"Oncorhynchus clarkii","Oncorhynchus"
"33552",0.561362231563137,0.367896161557989,0.069060091031629,"Oncorhynchus kisutch","Oncorhynchus"
"33560",0.636726356433425,0.254433684421741,0.107356543561783,"Oncorhynchus mykiss","Oncorhynchus"
"33569",0.572124313354044,0.229350982371403,0.197054113391628,"Oncorhynchus nerka","Oncorhynchus"
"33573",0.517731178640053,0.412231807222393,0.0682745540286293,"Oncorhynchus tshawytscha","Oncorhynchus"
"33585",0.617779625918906,0.319830113955441,0.0608073292405918,"Prosopium cylindraceum","Prosopium"
"33597",0.620801007853749,0.272219139214029,0.105464165920571,"Prosopium williamsoni","Prosopium"
"33657",0.655049150860498,0.343383411951795,0,"Salmo salar","Salmo"
"33675",0.655556261898879,0.240625436094742,0.102363822940943,"Salmo trutta","Salmo"
"33729",0.580714903085124,0.417585211304071,0,"Salvelinus confluentus","Salvelinus"
"33734",0.559785691717265,0.272131341986507,0.1665257512504,"Salvelinus fontinalis","Salvelinus"
"33750",0.586683848150899,0.410703693934476,0.000882890298913761,"Salvelinus malma","Salvelinus"
"33756",0.555046123919348,0.443221153431531,0,"Salvelinus namaycush","Salvelinus"
"33835",0.64279565349916,0.276021524290082,0.0796734126707369,"Thymallus arcticus","Thymallus"
"34244",0.754165443684542,0.203165946349382,0.0413219999712037,"Aplodinotus grunniens","Aplodinotus"
"34414",0.648352938144734,0.117306154330968,0.233051569321674,"Leiostomus xanthurus","Leiostomus"
"34653",0.717968096722783,0.28062515859345,0,"Sciaenops ocellatus","Sciaenops"
"39361",0,0.822044793686961,0.175402804203303,"Monopterus albus","Monopterus"
"39760",0,0.449263511794189,0.548759040694645,"Syngnathus scovelli","Syngnathus"
"41178",0.152947731633081,0.267841458123334,0.577445659169462,"Umbra limi","Umbra"
"41182",0.268893959838404,0.24260115594882,0.486840868889571,"Umbra pygmaea","Umbra"
"1",0.142059976804119,0.533467251041837,0.322325606179547,"Ameiurus serracanthus","Ameiurus"
"2",0.534594620122726,0.00146851709592855,0.462758111716967,"Campostoma spadiceum","Campostoma"
"3",0.00144628005008496,0.455027677928873,0.541445333138522,"Cottus tallapoosae","Cottus"
"4",0.00144628005008496,0.455027677928873,0.541445333138522,"Cottus chattahoochee","Cottus"
"5",0.00144628005008496,0.455027677928873,0.541445333138522,"Cottus kanawhae","Cottus"
"6",0.559787593558837,0.266161699144542,0.172508980173819,"Erimyzon claviformis","Erimyzon"
"7",0.125284784557691,0.28213817546901,0.590772538056569,"Etheostoma meadiae","Etheostoma"
"8",0.125284784557691,0.28213817546901,0.590772538056569,"Etheostoma aquali","Etheostoma"
"9",0.125284784557691,0.28213817546901,0.590772538056569,"Etheostoma jessiae","Etheostoma"
"10",0.125284784557691,0.28213817546901,0.590772538056569,"Etheostoma artesiae","Etheostoma"
"11",0.125284784557691,0.28213817546901,0.590772538056569,"Etheostoma Sanguifluum","Etheostoma"
"12",0.125284784557691,0.28213817546901,0.590772538056569,"Etheostoma teddyroosevelt","Etheostoma"
"13",0.125284784557691,0.28213817546901,0.590772538056569,"Etheostoma fragi","Etheostoma"
"14",0.125284784557691,0.28213817546901,0.590772538056569,"Etheostoma orientale","Etheostoma"
"15",0.272909019550939,0.135259713090068,0.590317963316695,"Fundulus euryzonus","Fundulus"
"16",0.543960154369403,0.117438528135187,0.337262208070843,"Hybopsis winchelli","Hybopsis"
"17",0.543960154369403,0.117438528135187,0.337262208070843,"Hybopsis rubrifrons","Hybopsis"
"18",0.433911385398673,0.234041317490936,0.330475915860599,"Lepomis peltastes","Lepomis"
"19",0.509296363849328,0.331139859470647,0.157902877944641,"Moxostoma Duquesnei","Moxostoma"
"20",0.509296363849328,0.331139859470647,0.157902877944641,"Moxostoma collapsum","Moxostoma"
"21",0.509296363849328,0.331139859470647,0.157902877944641,"Moxostoma pisolabrum","Moxostoma"
"22",0.509296363849328,0.331139859470647,0.157902877944641,"Moxostoma breviceps","Moxostoma"
"23",0.48287397710327,0.0461797405816035,0.469670951596925,"Notropis percobromus","Notropis"
"24",0.48287397710327,0.0461797405816035,0.469670951596925,"Notropis candidus","Notropis"
"25",0.48287397710327,0.0461797405816035,0.469670951596925,"Notropis potteri","Notropis"
"26",0.48287397710327,0.0461797405816035,0.469670951596925,"Notropis scabriceps","Notropis"
"27",0.48287397710327,0.0461797405816035,0.469670951596925,"Notropis alborus","Notropis"
"28",0.48287397710327,0.0461797405816035,0.469670951596925,"Notropis rafinesquei","Notropis"
"29",0.48287397710327,0.0461797405816035,0.469670951596925,"Notropis edwardraneyi","Notropis"
"30",0.48287397710327,0.0461797405816035,0.469670951596925,"Notropis suttkusi","Notropis"
"31",0.268854635796497,0.371825191137209,0.357473311086823,"Pantosteus lahontan","Pantosteus"
"32",NA,NA,NA,"Snyderichthys copei","Snyderichthys"
